ConferenceID,Venue,Year
0,International Conference on Intelligent Tutoring Systems,2020
0,International Conference on Intelligent Tutoring Systems,2021
0,International Conference on Intelligent Tutoring Systems,2022
0,International Conference on Intelligent Tutoring Systems,2023
1,Global Communications Conference,2020
1,Global Communications Conference,2021
1,Global Communications Conference,2022
1,Global Communications Conference,2023
2,IEEE Conference on Computer Communications,2020
2,IEEE Conference on Computer Communications,2021
2,IEEE Conference on Computer Communications,2022
2,IEEE Conference on Computer Communications,2023
3,IEEE International Conference on Bioinformatics and Biomedicine,2020
3,IEEE International Conference on Bioinformatics and Biomedicine,2021
3,IEEE International Conference on Bioinformatics and Biomedicine,2022
3,IEEE International Conference on Bioinformatics and Biomedicine,2023
4,Computer Vision and Pattern Recognition,2020
4,Computer Vision and Pattern Recognition,2021
4,Computer Vision and Pattern Recognition,2022
4,Computer Vision and Pattern Recognition,2023
5,Frontiers in Education Conference,2020
5,Frontiers in Education Conference,2021
5,Frontiers in Education Conference,2022
5,Frontiers in Education Conference,2023
6,International Conference on Human Factors in Computing Systems,2020
6,International Conference on Human Factors in Computing Systems,2021
6,International Conference on Human Factors in Computing Systems,2022
6,International Conference on Human Factors in Computing Systems,2023
