WorkshopID,Venue,Year
0,International Workshop on Languages and Compilers for Parallel Computing,2020
0,International Workshop on Languages and Compilers for Parallel Computing,2021
0,International Workshop on Languages and Compilers for Parallel Computing,2022
0,International Workshop on Languages and Compilers for Parallel Computing,2023
1,International Workshop on Software Correctness for HPC Applications,2020
1,International Workshop on Software Correctness for HPC Applications,2021
1,International Workshop on Software Correctness for HPC Applications,2022
1,International Workshop on Software Correctness for HPC Applications,2023
2,Conference on Computer Communications Workshops,2020
2,Conference on Computer Communications Workshops,2021
2,Conference on Computer Communications Workshops,2022
2,Conference on Computer Communications Workshops,2023
3,International Workshop on the Design of Reliable Communication Networks,2020
3,International Workshop on the Design of Reliable Communication Networks,2021
3,International Workshop on the Design of Reliable Communication Networks,2022
3,International Workshop on the Design of Reliable Communication Networks,2023
